-- phpMyAdmin SQL Dump
-- version 5.2.0
-- https://www.phpmyadmin.net/
--
-- Host: 127.0.0.1
-- Waktu pembuatan: 15 Des 2023 pada 07.44
-- Versi server: 10.4.24-MariaDB
-- Versi PHP: 8.1.6

SET SQL_MODE = "NO_AUTO_VALUE_ON_ZERO";
START TRANSACTION;
SET time_zone = "+00:00";


/*!40101 SET @OLD_CHARACTER_SET_CLIENT=@@CHARACTER_SET_CLIENT */;
/*!40101 SET @OLD_CHARACTER_SET_RESULTS=@@CHARACTER_SET_RESULTS */;
/*!40101 SET @OLD_COLLATION_CONNECTION=@@COLLATION_CONNECTION */;
/*!40101 SET NAMES utf8mb4 */;

--
-- Database: `a122106652`
--

-- --------------------------------------------------------

--
-- Struktur dari tabel `dosen`
--

CREATE TABLE `dosen` (
  `npp` char(16) NOT NULL,
  `namadosen` varchar(50) DEFAULT NULL,
  `homebase` char(10) DEFAULT NULL
) ENGINE=InnoDB DEFAULT CHARSET=latin1;

--
-- Dumping data untuk tabel `dosen`
--

INSERT INTO `dosen` (`npp`, `namadosen`, `homebase`) VALUES
(' 0686.11.1993.03', 'Sasono Wibowo, SE, M.Kom', 'A12'),
('0686.11.1990.000', 'lalang erawan', 'A12'),
('0686.11.1991.011', 'Aris Nurhindarto, M.Kom', 'A12'),
('0686.11.1992.026', 'Florentina Esti Nilawati, SH, MM', 'A12'),
('0686.11.1996.080', 'Asih Rohmani, M.Kom', 'A12'),
('0686.11.1997.108', 'Budi Widjajanto, M.Kom', 'A12'),
('0686.11.1997.128', 'Lalang Erawan, M.Kom', 'A12'),
('0686.11.1997.136', 'Acun Kardianawati, M.Kom', 'A12'),
('0686.11.1997.138', 'Dr. Pujiono, S.Si., M.Kom', 'A12'),
('0686.11.1998.152', 'MY. Teguh Sulistyono, M.Kom', 'A12'),
('0686.11.1998.200', 'Affandy, Ph.D', 'A12'),
('0686.11.2000.241', 'Yupie Kusumawati, SE, M.Kom', 'A12');

-- --------------------------------------------------------

--
-- Struktur dari tabel `jadwal`
--

CREATE TABLE `jadwal` (
  `idJadwal` int(11) NOT NULL,
  `idMatkul` char(10) DEFAULT NULL,
  `namaMatkul` varchar(100) DEFAULT NULL,
  `npp` char(16) DEFAULT NULL,
  `thAkd` char(4) DEFAULT NULL,
  `hari1` char(10) DEFAULT NULL,
  `mulai1` char(5) DEFAULT NULL,
  `selesai1` char(5) DEFAULT NULL,
  `ruang1` char(10) DEFAULT NULL,
  `hari2` char(10) DEFAULT NULL,
  `mulai2` char(5) DEFAULT NULL,
  `selesai2` char(5) DEFAULT NULL,
  `ruang2` char(10) DEFAULT NULL,
  `klp` char(10) DEFAULT NULL,
  `sks` char(2) DEFAULT NULL,
  `smt` char(2) DEFAULT NULL,
  `kap` int(4) DEFAULT NULL
) ENGINE=InnoDB DEFAULT CHARSET=latin1;

--
-- Dumping data untuk tabel `jadwal`
--

INSERT INTO `jadwal` (`idJadwal`, `idMatkul`, `namaMatkul`, `npp`, `thAkd`, `hari1`, `mulai1`, `selesai1`, `ruang1`, `hari2`, `mulai2`, `selesai2`, `ruang2`, `klp`, `sks`, `smt`, `kap`) VALUES
(1, 'A12.56201', 'Algoritma dan Pemrograman I', '0686.11.1997.136', '2019', 'Senin', '07.00', '08.40', 'H.2.1', 'Rabu', '08.40', '10.20', 'H.2.4', 'A12.2302', NULL, NULL, NULL),
(2, 'A12.56401', 'Basis Data', '0686.11.1997.128', '2019', 'Senin', '07.00', '08.40', 'H.2.2', 'Selasa', '10.20', '12.00', 'H.3.1', 'A12.4301', NULL, '0', 40),
(3, 'A12.56201', 'Algoritma dan Pemrograman I', '0686.11.1997.136', '2019', 'Selasa', '10.20', '12.00', 'H.3.1', 'Kamis', '14.10', '16.20', 'H.2.5', 'A12.2201', NULL, '0', 40),
(4, 'A12.56302', 'Algoritma dan Pemrograman II', '0686.11.1991.011', '2019', 'Kamis', '14.10', '16.20', 'H.4.2', 'Jumat', '07.00', '08.40', 'H.4.1', 'A12.3302', NULL, '1', 40),
(5, 'A12.56302', 'Algoritma dan Pemrograman II', '0686.11.1991.011', '2019', 'Jumat', '12.30', '14.10', 'H.3.5', 'Senin', '10.20', '12.00', 'H.4.6', 'A12.3301', NULL, '1', 40),
(6, 'A12.56707', 'Aplikasi e-Bisnis', '0686.11.1997.128', '2019', 'Rabu', '08.40', '10.20', 'H.2.5', 'Selasa', '12.30', '14.10', 'H.2.3', 'A12.7201', NULL, '1', 40),
(7, 'A12.56707', 'Aplikasi e-Bisnis', '0686.11.1997.128', '2019', 'Jumat', '10.20', '12.00', 'H.2.6', 'Rabu', '12.30', '14.10', 'H.2.2', 'A12.7202', NULL, '1', 40),
(8, 'A12.56305', 'Jaringan Komputer', '0686.11.1998.152', '2019', 'Kamis', '08.40', '10.20', 'H.2.4', 'Kamis', '14.10', '16.20', 'H.3.1', 'A12.3501', NULL, '1', 40),
(9, 'A12.56305', 'Jaringan Komputer', '0686.11.1998.152', '2019', 'Senin', '07.00', '08.40', 'H.3.3', 'Selasa', '10.20', '12.00', 'H.2.6', 'A12.3502', NULL, '1', 40);

-- --------------------------------------------------------

--
-- Struktur dari tabel `krs`
--

CREATE TABLE `krs` (
  `idKrs` int(10) NOT NULL,
  `nim` char(15) DEFAULT NULL,
  `id_jadwal` int(11) NOT NULL,
  `sks` int(11) NOT NULL
) ENGINE=InnoDB DEFAULT CHARSET=utf8mb4;

--
-- Dumping data untuk tabel `krs`
--

INSERT INTO `krs` (`idKrs`, `nim`, `id_jadwal`, `sks`) VALUES
(9, 'A12.2016.02898', 3, 3),
(11, 'A12.2016.02902', 8, 4),
(12, 'A12.2016.02898', 8, 4),
(15, 'A12.2016.02902', 5, 2),
(17, 'A12.2016.02900', 2, 4),
(18, 'A12.2016.02898', 4, 2),
(19, 'A12.2016.02900', 3, 3),
(20, 'A12.2016.02900', 7, 3),
(21, 'A12.2016.02900', 5, 2),
(22, 'A12.2016.02898', 6, 2),
(23, 'A12.2016.02898', 2, 4);

-- --------------------------------------------------------

--
-- Struktur dari tabel `kultawar`
--

CREATE TABLE `kultawar` (
  `idkultawar` int(11) NOT NULL,
  `idmatkul` int(11) DEFAULT NULL,
  `npp` char(16) DEFAULT NULL,
  `klp` char(10) DEFAULT NULL,
  `hari` varchar(10) DEFAULT NULL,
  `jamkul` char(13) DEFAULT NULL,
  `ruang` char(6) DEFAULT NULL
) ENGINE=InnoDB DEFAULT CHARSET=latin1;

--
-- Dumping data untuk tabel `kultawar`
--

INSERT INTO `kultawar` (`idkultawar`, `idmatkul`, `npp`, `klp`, `hari`, `jamkul`, `ruang`) VALUES
(1, 1, '0686.11.1997.136', 'A12.6201', 'Senin', '07.00-08.40', 'H.5.5'),
(2, 2, '0686.11.1997.128', 'A12.6101', 'Senin', '08.40-10.20', 'H.4.10'),
(3, 3, '0686.11.1997.136', 'A12.6201', 'Selasa', '10.20-12.00', 'H.3.2'),
(4, 4, '0686.11.1991.011', 'A12.6302', 'Kamis', '14.10-16.20', 'H.4.5'),
(5, 5, '0686.11.1991.011', 'A12.6301', 'Jumat', '12.30-14.10', 'H.3.5'),
(6, 6, '0686.11.1997.128', 'A12.6701', 'Rabu', '08.40-10.20', 'H.7.2'),
(7, 7, '0686.11.1997.128', 'A12.6702', 'Jumat', '10.20-12.00', 'H.3.10'),
(8, 8, '0686.11.1998.152', 'A12.6303', 'Kamis', '08.40-10.20', 'H.3.4'),
(9, 9, '0686.11.1998.152', 'A12.6305', 'Senin', '07.00-08.40', 'H.7.1'),
(10, 10, '0686.11.2000.241', 'A12.6204', 'Senin', '07.00-08.40', 'H.4.6'),
(12, 11, '0686.11.1997.138', 'A12.6603', 'Jumat', '14.10-16.20', 'H.5.6'),
(13, 12, '0686.11.1992.026', 'A12.6803', 'Rabu', '07.00-08.40', 'H.5.2');

-- --------------------------------------------------------

--
-- Struktur dari tabel `matkul`
--

CREATE TABLE `matkul` (
  `id` int(11) NOT NULL,
  `idmatkul` char(10) NOT NULL,
  `namamatkul` varchar(50) DEFAULT NULL,
  `sks` int(2) DEFAULT NULL,
  `jns` char(3) DEFAULT NULL,
  `smt` varchar(10) DEFAULT NULL
) ENGINE=InnoDB DEFAULT CHARSET=latin1;

--
-- Dumping data untuk tabel `matkul`
--

INSERT INTO `matkul` (`id`, `idmatkul`, `namamatkul`, `sks`, `jns`, `smt`) VALUES
(1, 'A12.56101', 'Matematika Diskrit', 3, 'T', '1'),
(2, 'A12.56102', 'Pengantar Teknologi Informasi', 4, 'T/P', '1'),
(3, 'A12.56103', 'Sistem Informasi', 3, 'T', '1'),
(4, 'A12.56104', 'Pengantar Manajemen', 2, 'T', '1'),
(5, 'A12.56105', 'Ketrampilan Interpersonal', 2, 'T', '1'),
(6, 'A12.56106', 'Bahasa Inggris I', 2, 'T', '1'),
(7, 'A12.56107', 'Dasar Akuntansi', 3, 'T', '1'),
(8, 'A12.56201', 'Algoritma dan Pemrograman I', 4, 'T/P', '2'),
(9, 'A12.56202', 'Sistem Informasi Akuntansi', 3, 'T', '2'),
(10, 'A12.56203', 'Pendidikan Agama', 2, 'T', '2'),
(11, 'A12.56204', 'Bahasa Inggris II', 2, 'T', '2'),
(12, 'A12.56205', 'Pengantar Bisnis', 2, 'T', '2'),
(13, 'A12.56206', 'Matematika Bisnis', 3, 'T', '2'),
(14, 'A12.56207', 'Sistem Informasi Manajemen', 3, 'T', '2'),
(15, 'A12.56301', 'Analisa Proses Bisnis', 3, 'T', '3'),
(16, 'A12.56302', 'Algoritma dan Pemrograman II', 4, 'T/P', '3'),
(17, 'A12.56303', 'Pemrograman Web', 4, 'T/P', '3'),
(18, 'A12.56304', 'Sistem Operasi', 3, 'T', '3'),
(19, 'A12.56305', 'Jaringan Komputer', 4, 'T', '3'),
(20, 'A12.56401', 'Basis Data', 3, 'T', '4'),
(21, 'A12.56402', 'Pemrograman Berorientasi Obyek', 4, 'T/P', '4'),
(22, 'A12.56403', 'Pemrograman Web Lanjut', 2, 'P', '4'),
(23, 'A12.56404', 'Analisa dan Perancangan Sistem Informasi I', 3, 'T', '4'),
(24, 'A12.56406', 'Konsep e-Bisnis', 4, 'T', '4'),
(25, 'A12.56501', 'Analisa dan Perancangan Sistem Informasi II', 3, 'T', '5'),
(26, 'A12.56502', 'Kewirausahaan', 2, 'T', '5'),
(27, 'A12.56503', 'Analisa dan Perancangan Sistem Informasi II', 3, 'T', '5'),
(28, 'A12.56504', 'Manajemen Sains', 3, 'T', '5'),
(29, 'A12.56505', 'Sistem Basis Data', 3, 'T', '5'),
(30, 'A12.56506', 'Interaksi Manusia dan Komputer', 2, 'T', '5'),
(31, 'A12.56507', 'Pengelolaan Hubungan Pelanggan', 3, 'T', '5'),
(32, 'A12.56601', 'Data Mining dan Data Warehouse', 3, 'T', '6'),
(33, 'A12.56602', 'Analisa Kinerja Sistem', 3, 'T', '6'),
(34, 'A12.56603', 'Sistem Pendukung Keputusan', 3, 'T', '6'),
(35, 'A12.56604', 'Perencanaan Strategis Sistem Informasi', 2, 'T', '6'),
(36, 'A12.56606', 'Perencanaan Sumber Daya Perusahaan', 3, 'T', '6'),
(37, 'A12.56607', 'Bisnis Cerdas', 4, 'T', '5'),
(38, 'A12.56608', 'Perancangan dan Pengembangan Sistem Informasi', 4, 'T', '5'),
(39, 'A12.56701', 'Pendidikan Kewarganegaraan', 2, 'T', '7'),
(40, 'A12.56702', 'Metodologi Penelitian', 2, 'T', '7'),
(41, 'A12.56703', 'Manajemen Rantai Pasok', 3, 'T', '7'),
(42, 'A12.56704', 'Manajemen Proyek', 3, 'T', '7'),
(43, 'A12.56705', 'Proteksi Aset Informasi', 3, 'T', '7'),
(44, 'A12.56706', 'Kerja Praktek', 2, 'T', '7'),
(45, 'A12.56707', 'Aplikasi e-Bisnis', 4, 'T', '7'),
(46, 'A12.56708', 'Tata Kelola dan Audit Sistem Informasi', 4, 'T', '7'),
(47, 'A12.56801', 'Bahasa Indonesia', 2, 'T', '8'),
(48, 'A12.56802', 'Etika Profesi', 2, 'T', '8'),
(49, 'A12.56803', 'Bimbingan Karir', 2, 'T', '8'),
(50, 'A12.56804', 'Tugas Akhir', 6, 'T', '8'),
(51, 'A12.A12.56', 'Implementasi dan Pengujian Sistem', 2, 'T', '6');

-- --------------------------------------------------------

--
-- Struktur dari tabel `mhs`
--

CREATE TABLE `mhs` (
  `id` int(11) NOT NULL,
  `nim` char(14) DEFAULT NULL,
  `nama` varchar(50) DEFAULT NULL,
  `email` varchar(50) DEFAULT NULL,
  `foto` varchar(25) DEFAULT NULL
) ENGINE=InnoDB DEFAULT CHARSET=latin1;

--
-- Dumping data untuk tabel `mhs`
--

INSERT INTO `mhs` (`id`, `nim`, `nama`, `email`, `foto`) VALUES
(28, 'A12.2016.02898', 'Iriana Erlina Permana', 'iriana@gmail.com', 'A12.2016.02898.jpg'),
(29, 'A12.2016.02900', 'Susana Listiyani', 'susana@gmail.com', 'A12.2016.02900.jpg'),
(31, 'A12.2016.02902', 'Indah Lestari', 'indah@gmail.com', 'A12.2016.02902.jpg'),
(32, 'A12.2017.03000', 'Maulana Ibrahim', 'maulana@yahoo.com', 'A12.2017.03000.jpg'),
(33, 'A12.2017.03045', 'Cantika Putri Brahmanto', 'cancan@yahoo.com', 'A12.2017.03045.jpg'),
(34, 'A12.2017.03170', 'Eko Prasetyanto', 'eek@yahoo.com', 'A12.2017.03170.jpg'),
(35, 'A12.2017.05041', 'Liliana Anggita Wardani', 'lili@yahoo.com', 'A12.2017.05041.jpg'),
(36, 'a12.2018.08900', 'Erna Purnamawati', 'erna@gmail.com', 'a12.2018.08900.jpg'),
(37, 'a12.2018.08905', 'Bambang Lukman Hakim', 'bambang@gmail.com', 'a12.2018.08905.jpg');

-- --------------------------------------------------------

--
-- Struktur dari tabel `user`
--

CREATE TABLE `user` (
  `iduser` int(11) NOT NULL,
  `username` varchar(50) DEFAULT NULL,
  `password` varchar(32) DEFAULT NULL,
  `status` varchar(5) DEFAULT NULL
) ENGINE=InnoDB DEFAULT CHARSET=latin1;

--
-- Dumping data untuk tabel `user`
--

INSERT INTO `user` (`iduser`, `username`, `password`, `status`) VALUES
(1, 'admin', '21232f297a57a5a743894a0e4a801fc3', 'admin'),
(2, 'mhs', '0357a7592c4734a8b1e12bc48e29e9e9', 'mhs'),
(3, 'dsn', 'da532bf806defa26fdbeee5dd2e0d68f', 'dsn'),
(4, 'tu', 'b6b4ce6df035dcfaa26f3bc32fb89e6a', 'tu'),
(5, 'llg', 'b8ae57911c26ed8313cd09a33f7f43f5', 'admin'),
(7, 'A12.2016.02898', 'f8057ac11cd7a20c6bf238c4bf239c1c', 'mhs');

--
-- Indexes for dumped tables
--

--
-- Indeks untuk tabel `dosen`
--
ALTER TABLE `dosen`
  ADD PRIMARY KEY (`npp`);

--
-- Indeks untuk tabel `jadwal`
--
ALTER TABLE `jadwal`
  ADD PRIMARY KEY (`idJadwal`);

--
-- Indeks untuk tabel `krs`
--
ALTER TABLE `krs`
  ADD PRIMARY KEY (`idKrs`);

--
-- Indeks untuk tabel `kultawar`
--
ALTER TABLE `kultawar`
  ADD PRIMARY KEY (`idkultawar`);

--
-- Indeks untuk tabel `matkul`
--
ALTER TABLE `matkul`
  ADD PRIMARY KEY (`id`);

--
-- Indeks untuk tabel `mhs`
--
ALTER TABLE `mhs`
  ADD PRIMARY KEY (`id`);

--
-- Indeks untuk tabel `user`
--
ALTER TABLE `user`
  ADD PRIMARY KEY (`iduser`);

--
-- AUTO_INCREMENT untuk tabel yang dibuang
--

--
-- AUTO_INCREMENT untuk tabel `jadwal`
--
ALTER TABLE `jadwal`
  MODIFY `idJadwal` int(11) NOT NULL AUTO_INCREMENT, AUTO_INCREMENT=11;

--
-- AUTO_INCREMENT untuk tabel `krs`
--
ALTER TABLE `krs`
  MODIFY `idKrs` int(10) NOT NULL AUTO_INCREMENT, AUTO_INCREMENT=24;

--
-- AUTO_INCREMENT untuk tabel `kultawar`
--
ALTER TABLE `kultawar`
  MODIFY `idkultawar` int(11) NOT NULL AUTO_INCREMENT, AUTO_INCREMENT=14;

--
-- AUTO_INCREMENT untuk tabel `matkul`
--
ALTER TABLE `matkul`
  MODIFY `id` int(11) NOT NULL AUTO_INCREMENT, AUTO_INCREMENT=52;

--
-- AUTO_INCREMENT untuk tabel `mhs`
--
ALTER TABLE `mhs`
  MODIFY `id` int(11) NOT NULL AUTO_INCREMENT, AUTO_INCREMENT=44;

--
-- AUTO_INCREMENT untuk tabel `user`
--
ALTER TABLE `user`
  MODIFY `iduser` int(11) NOT NULL AUTO_INCREMENT, AUTO_INCREMENT=8;
COMMIT;

/*!40101 SET CHARACTER_SET_CLIENT=@OLD_CHARACTER_SET_CLIENT */;
/*!40101 SET CHARACTER_SET_RESULTS=@OLD_CHARACTER_SET_RESULTS */;
/*!40101 SET COLLATION_CONNECTION=@OLD_COLLATION_CONNECTION */;
